filename,label
20251007_193539.jpg,1
20251007_193600.jpg,1
20251007_193605.jpg,1
20251007_193645.jpg,1
20251007_193647.jpg,1
20251007_193652.jpg,1
20251007_193654.jpg,1
20251007_193656.jpg,1
20251007_193712.jpg,1
20251007_193715.jpg,1
20251007_193717.jpg,1
20251007_193724.jpg,1
20251007_193726.jpg,1
20251007_193727.jpg,1
20251007_193730.jpg,1
20251007_193731.jpg,1
20251007_193735.jpg,1
20251007_193738.jpg,1
20251007_193739.jpg,1
20251007_193742.jpg,1
20251007_193744.jpg,1
20251007_193746.jpg,1
20251007_193748.jpg,1
20251007_193750.jpg,1
20251007_193751.jpg,1
20251007_193753.jpg,1
20251007_193755.jpg,1
20251007_193757.jpg,1
20251007_193759.jpg,1
20251007_193801.jpg,1
20251007_193803.jpg,1
20251007_193805.jpg,1
20251007_193806.jpg,1
20251007_194351.jpg,1
20251007_194351_1.jpg,1
20251007_194351_2.jpg,1
20251007_194352.jpg,1
20251007_194352_1.jpg,1
20251007_194352_2.jpg,1
20251007_194352_3.jpg,1
20251007_194353.jpg,1
20251007_194353_1.jpg,1
20251007_194353_2.jpg,1
20251007_194353_3.jpg,1
20251007_194353_4.jpg,1
20251007_194354.jpg,1
20251007_194354_1.jpg,1
20251007_194354_2.jpg,1
20251007_194354_3.jpg,1
20251007_194354_4.jpg,1
20251007_194354_5.jpg,1
20251007_194355.jpg,1
20251007_194355_1.jpg,1
20251007_194355_2.jpg,1
20251007_194355_3.jpg,1
20251007_194355_4.jpg,1
20251007_194356.jpg,1
20251007_194356_1.jpg,1
20251007_194356_2.jpg,1
20251007_194356_3.jpg,1
20251007_194356_4.jpg,1
20251007_194356_5.jpg,1
20251007_194357.jpg,1
20251007_194400.jpg,1
20251007_194415.jpg,1
20251007_194416.jpg,1
20251007_194416_1.jpg,1
20251007_194416_2.jpg,1
20251007_194416_3.jpg,1
20251007_194416_4.jpg,1
20251007_194416_5.jpg,1
20251007_194417.jpg,1
20251007_194417_1.jpg,1
20251007_194417_2.jpg,1
20251007_194417_3.jpg,1
20251007_194417_4.jpg,1
20251007_194418.jpg,1
20251007_194418_1.jpg,1
20251007_194418_2.jpg,1
20251007_194418_3.jpg,1
20251007_194418_4.jpg,1
20251007_194418_5.jpg,1
20251007_194419.jpg,1
20251007_194419_1.jpg,1
20251007_194419_2.jpg,1
20251007_194419_3.jpg,1
20251007_194419_4.jpg,1
20251007_194420.jpg,1
20251007_194420_1.jpg,1
20251007_194420_2.jpg,1
20251007_194420_3.jpg,1
20251007_194420_4.jpg,1
20251007_194420_5.jpg,1
20251007_194421.jpg,1
20251007_194431.jpg,1
20251007_194444.jpg,1
20251007_194445.jpg,1
20251007_194445_1.jpg,1
20251007_194445_2.jpg,1
20251007_194445_3.jpg,1
20251007_194445_4.jpg,1
20251007_194445_5.jpg,1
20251007_194446.jpg,1
20251007_194446_1.jpg,1
20251007_194446_2.jpg,1
20251007_194446_3.jpg,1
20251007_194446_4.jpg,1
20251007_194446_5.jpg,1
20251007_194447.jpg,1
20251007_194447_2.jpg,1
20251007_194447_3.jpg,1
20251007_194447_4.jpg,1
20251007_194447_5.jpg,1
20251007_194447_6.jpg,1
20251007_194448.jpg,1
20251007_194448_1.jpg,1
20251007_194448_2.jpg,1
20251007_194448_3.jpg,1
20251007_194448_4.jpg,1
20251007_194449.jpg,1
20251007_194449_1.jpg,1
20251007_194449_2.jpg,1
20251007_194449_3.jpg,1
20251007_194449_4.jpg,1
20251007_194458.jpg,1
20251007_194458_1.jpg,1
20251007_194458_2.jpg,1
20251007_194459.jpg,1
20251007_194459_1.jpg,1
20251007_194459_2.jpg,1
20251007_194459_3.jpg,1
20251007_194459_4.jpg,1
20251007_194459_5.jpg,1
20251007_194500.jpg,1
20251007_194500_1.jpg,1
20251007_194500_2.jpg,1
20251007_194500_3.jpg,1
20251007_194500_4.jpg,1
20251007_194500_5.jpg,1
20251007_194501.jpg,1
20251007_194501_1.jpg,1
20251007_194501_2.jpg,1
20251007_194501_3.jpg,1
20251007_194501_4.jpg,1
20251007_194501_5.jpg,1
20251007_194501_6.jpg,1
20251007_194502.jpg,1
20251007_194502_1.jpg,1
20251007_194502_2.jpg,1
20251007_194502_3.jpg,1
20251007_194502_4.jpg,1
20251007_194502_5.jpg,1
20251007_194503.jpg,1
20251007_194503_1.jpg,1
10000.png,0
10001.png,0
10002.png,0
10003.png,0
10004.png,0
10005.png,0
10006.png,0
10007.png,0
10008.png,0
10009.png,0
10010.png,0
10011.png,0
10012.png,0
10013.png,0
10014.png,0
10015.png,0
10016.png,0
10017.png,0
10018.png,0
10019.png,0
10020.png,0
10021.png,0
10022.png,0
10023.png,0
10024.png,0
10025.png,0
10026.png,0
10027.png,0
10028.png,0
10029.png,0
10030.png,0
10031.png,0
10032.png,0
10033.png,0
10034.png,0
10035.png,0
10036.png,0
10037.png,0
10038.png,0
10039.png,0
10040.png,0
10041.png,0
10042.png,0
10043.png,0
10044.png,0
10045.png,0
10046.png,0
10047.png,0
10048.png,0
10049.png,0
10050.png,0
10051.png,0
10052.png,0
10053.png,0
10054.png,0
10055.png,0
10056.png,0
10057.png,0
10058.png,0
10059.png,0
10060.png,0
10061.png,0
10062.png,0
10063.png,0
10064.png,0
10065.png,0
10066.png,0
10067.png,0
10068.png,0
10069.png,0
10070.png,0
10071.png,0
10072.png,0
10073.png,0
10074.png,0
10075.png,0
10076.png,0
10077.png,0
10078.png,0
10079.png,0
10080.png,0
10081.png,0
10082.png,0
10083.png,0
10084.png,0
10085.png,0
10086.png,0
10087.png,0
10088.png,0
10089.png,0
10090.png,0
10091.png,0
10092.png,0
10093.png,0
10094.png,0
10095.png,0
10096.png,0
10097.png,0
10098.png,0
10099.png,0
10100.png,0
10101.png,0
10102.png,0
10103.png,0
10104.png,0
10105.png,0
10106.png,0
10107.png,0
10108.png,0
10109.png,0
10110.png,0
10111.png,0
10112.png,0
10113.png,0
10114.png,0
10115.png,0
10116.png,0
10117.png,0
10118.png,0
10119.png,0
10120.png,0
10121.png,0
10122.png,0
10123.png,0
10124.png,0
10125.png,0
10126.png,0
10127.png,0
10128.png,0
10129.png,0
10130.png,0
10131.png,0
10132.png,0
10133.png,0
10134.png,0
10135.png,0
10136.png,0
10137.png,0
10138.png,0
10139.png,0
10140.png,0
10141.png,0
10142.png,0
10143.png,0
10144.png,0
10145.png,0
10146.png,0
10147.png,0
10148.png,0
10149.png,0
10150.png,0
10151.png,0
10152.png,0
10153.png,0
10154.png,0
10155.png,0
10156.png,0
10157.png,0
10158.png,0
10159.png,0
10160.png,0
10161.png,0
10162.png,0
10163.png,0
10164.png,0
10165.png,0
10166.png,0
10167.png,0
10168.png,0
10169.png,0
10170.png,0
10171.png,0
10172.png,0
10173.png,0
10174.png,0
10175.png,0
10176.png,0
10177.png,0
10178.png,0
10179.png,0
10180.png,0
10181.png,0
10182.png,0
10183.png,0
10184.png,0
10185.png,0
10186.png,0
10187.png,0
10188.png,0
10189.png,0
10190.png,0
10191.png,0
10192.png,0
10193.png,0
10194.png,0
10195.png,0
10196.png,0
10197.png,0
10198.png,0
10199.png,0
10200.png,0
10201.png,0
10202.png,0
10203.png,0
10204.png,0
10205.png,0
10206.png,0
10207.png,0
10208.png,0
10209.png,0
10210.png,0
10211.png,0
10212.png,0
10213.png,0
10214.png,0
10215.png,0
10216.png,0
10217.png,0
10218.png,0
10219.png,0
10220.png,0
10221.png,0
10222.png,0
10223.png,0
10224.png,0
10225.png,0
10226.png,0
10227.png,0
10228.png,0
10229.png,0
10230.png,0
10231.png,0
10232.png,0
10233.png,0
10234.png,0
10235.png,0
10236.png,0
10237.png,0
10238.png,0
10239.png,0
10240.png,0
10241.png,0
10242.png,0
10243.png,0
10244.png,0
10245.png,0
10246.png,0
10247.png,0
10248.png,0
10249.png,0
10250.png,0
10251.png,0
10252.png,0
10253.png,0
10254.png,0
10255.png,0
10256.png,0
10257.png,0
10258.png,0
10259.png,0
10260.png,0
10261.png,0
10262.png,0
10263.png,0
10264.png,0
10265.png,0
10266.png,0
10267.png,0
10268.png,0
10269.png,0
10270.png,0
10271.png,0
10272.png,0
10273.png,0
10274.png,0
10275.png,0
10276.png,0
10277.png,0
10278.png,0
10279.png,0
10280.png,0
10281.png,0
10282.png,0
10283.png,0
10284.png,0
10285.png,0
10286.png,0
10287.png,0
10288.png,0
10289.png,0
10290.png,0
10291.png,0
10292.png,0
10293.png,0
10294.png,0
10295.png,0
10296.png,0
10297.png,0
10298.png,0
10299.png,0
